Workbook

Sheet  

Sheet Pokyny k vyplnění
B2: POKYNY K VYPLNĚNÍ FORMULÁŘE
B4: Seznam použitých zkratek: GDPR - NAŘÍZENÍ EVROPSKÉHO PRLAMENTU A RADY (EU) 2016/679 ze dne 27. dubna 2016 o ochraně fyzických osob v souvislosti se zpracováním osobních údajů a o volném pohybu těchto údajů a o zrušení směrnice 95/46/ES (obecné nařízení o ochraně osobních údajů) OOÚ - ochrana osobních údajů OÚ - osobní údaj ZOOÚ - zákon č. 101/2000 Sb., o ochraně osobních údajů a o změně některých zákonů
B6: List FORMULÁŘ nevyplňujte! Zkopírujte jej, kopii nazvěte číslem zpracování, které bude uvedeno v buňce C3, a poté jej vyplňte. Takto postupujte u každého nového formuláře pro další zpracování.
B8: List "ÚVOD"
B9: buňka | C9: název | D9: pokyny k vyplnění polí
B10: C5 | C10: správce: | D10: Jméno správce, kterým je vaše organizace.
B11: D6 | C11: se sídlem: | D11: Adresa sídla podle příslušného zápisu v obchodním rejstříku nebo obdobné evidenci.
B12: D7 | C12: IČ: | D12: IČ podle příslušného rejstříku.
B13: D8 | C13: jednající: | D13: Jméno a příjmení jednající osoby podle příslušného zápisu v bochodním rejtříku nebo obdobné evidenci.
B14: D9 | C14: odpovědná osoba pro oblast ochrany osobních údajů: | D14: Jméno a příjmení odpovědné osoby za celou oblast ochrany osobních údajů u správce.
B15: D11 | C15: e-mail | D15: Pracovní e-mail odpovědné osoby.
B16: D12 | C16: telefon | D16: Pracovní telefonní číslo odpovědné osoby.
B17: D13 | C17: jmenovaný pověřenec pro ochranu osobních údajů: | D17: Jméno a příjmení pověřence, pokud je jmenován.
B18: D15 | C18: e-mail | D18: Pracovní e-mail pověřence, pokud je jmenován.
B19: D16 | C19: telefon | D19: Pracovní telefonní číslo pověřence, pokud je jmenován.
B21: List "FORMULÁŘ"
B22: buňka | C22: název | D22: pokyny k vyplnění polí
B23: C2 | C23: Název zpracování: | D23: Uveďte název zpracování, kterým je nejlépe vystižena agenda, v níž jsou osobní údaje zpracovány (Personální a mzdová evidence, Evidence držitelů vstupních karet, Kamerový systém, Dodavatelské a odběratelské smlouvy, ....). Název zpracování se bude používat v navazujících dokumentech.
B24: C3 | C24: Číslo zpracování: | D24: Každé zpracování označte jedinečným označením (forma číslování není stanovena). Číslo pak použijte v názvu daného listu, např. "35", "RSV-02" apod.
B25: C4 | C25: Organizační jednotka: | D25: Organizační jednotkou je myšlena organizační součást správce, který zpracování provádí (např. ekonomický odbor, personální oddělení apod.). Nejsou-li organizační součásti zavedeny, údaj se nevyplňuje.
B26: C5 | C26: Číslo organizační jednotky: | D26: Vyplňte pouze v případě, že organizační součást má přidělené vlastní číslo, pod kterým je v příslušných interních aktech řízení uváděna.
B27: C6 | C27: Odpovědná osoba: | D27: Odpovědná osoba za danou oblast zpracování (uveďte titul, jméno, příjmení, pracovní pozici). Uvedená osoba by měla být současně respondentem tohoto check listu. Nedoporučujeme, aby byla jmenována více, než jedna odpovědná osoba za jedno identifikované zpracování.
B28: C7 | C28: - e-mail: | D28: Uveďte pracovní e-mail odpovědné osoby.
B29: C8 | C29: - telefon: | D29: Uveďte pracovní telefonní číslo odpovědné osoby.
B30: C9 | C30: Oprávnění zaměstnanci: | D30: Uveďte výčet pracovních pozic spolu se zařazením do organizačních jednotek, které jsou oprávněny zpracovávat předmětné OÚ. Výčet těchto pozic má vliv na pozdější stanovení bezpečnostních opatření, zejména pak v oblasti fyzické bezpečnosti a bezpečnosti IT. Nezapomínejte na osoby, které mají oprávnění na základě svých specifických pracovních povinností, např. generální ředitel, právník, interní auditoři apod., vč. osob, které zajišťují případnou zastupitelnost.
B31: C10 | C31: Příjemci OÚ: | D31: Vyplňte puze v případě, že příjemcem osobních údajů budou osoby mimo subjekt údajů a správce, vč. jeho zaměstnanců. Tyto osoby pak specifikujte (např. komerční pojišťovny, ČSSZ, zdravotní pojišťovny, smluvní partneři atd.) Neuvádějte subjekty uvedené ve větě druhé citované definice. „příjemcem“ fyzická nebo právnická osoba, orgán veřejné moci, agentura nebo jiný subjekt, kterým jsou osobní údaje poskytnuty, ať už se jedná o třetí stranu, či nikoli. Avšak orgány veřejné moci, které mohou získávat osobní údaje v rámci zvláštního šetření v souladu s právem členského státu, se za příjemce nepovažují; zpracování těchto osobních údajů těmito orgány veřejné moci musí být v souladu s použitelnými pravidly ochrany údajů pro dané účely zpracování (čl. 4 odst. 9 GDPR)
B33: C12 | C33: Počet subjektů údajů: | D33: Uveďte počet subjektů údajů (zaokrouhleně), k nimž se OÚ zpracovávají, např. "20", "300", "12.000". Nezapomeňte na osoby, jejichž údaje aktivně nevyužíváte, přesto jejich OÚ archivujete, např. v případě personální evidence. Je-li současný počet zaměstnanců 400, společnost působí na trhu 18 let a roční fluktuace činí cca 40 osob, pak celkový počet subjektů údajů bude 400 + (18 * 40) = 1.120
B34: C13 | C34: Další místa zpracování: | D34: Uveďte všechna místa zpracování, pokud jsou odlišná od sídla uvedeného na listu "Úvod". Uveďte přesné adresy a stát, pokud není místo v České republice.
... B56: C35 | C56: Počet zpracovatelů: | D56: Uveďte počet zpracovatelů, kteří se podílení na zpracování, které je předmětem tohoto check listu. Pokud je zpracovatelů více, než pět, údaje vyplňte na samostatné příloze.
C58: ZPRACOVATEL 1
B59: C37 | C59: Firma (název) zpracovatele: | D59: Použijte údaje z obchodního nebo jiného rejstříku.
B60: C38 | C60: se sídlem: | D60: Použijte údaje z obchodního nebo jiného rejstříku.
B61: C39 | C61: IČ: | D61: Použijte údaje z obchodního nebo jiného rejstříku.
B62: C40 | C62: odpovědná osoba: | D62: Uveďte osobu odpovědnou za zpracování osobních údajů (např. dle smlouvy o zpracování osobních údajů).
B63: C41 | C63: e-mail: | D63: Uveďte e-mail odpovědné osoby.
B64: C42 | C64: telefon: | D64: Uveďte telefonní číslo odpovědné osoby.
B65: C43 | C65: Smlouva o zpracování OÚ: | D65: Použijte jednu z nabízených možností.
B66: C44 | C66: Právní předpis: | D66: Uveďte ustanovení příslušného právního předpisu.
C68: ZPRACOVATEL 2
B69: C47 | C69: Firma (název) zpracovatele: | D69: Použijte údaje z obchodního nebo jiného rejstříku.
B70: C48 | C70: se sídlem: | D70: Použijte údaje z obchodního nebo jiného rejstříku.
B71: C49 | C71: IČ: | D71: Použijte údaje z obchodního nebo jiného rejstříku.
B72: C50 | C72: odpovědná osoba: | D72: Uveďte osobu odpovědnou za zpracování osobních údajů (např. dle smlouvy o zpracování osobních údajů).
B73: C51 | C73: e-mail: | D73: Uveďte e-mail odpovědné osoby.
B74: C52 | C74: telefon: | D74: Uveďte telefonní číslo odpovědné osoby.
B75: C53 | C75: Smlouva o zpracování OÚ: | D75: Použijte jednu z nabízených možností.
B76: C54 | C76: Právní předpis: | D76: Uveďte ustanovení příslušného právního předpisu.
C78: ZPRACOVATEL 3
B79: C57 | C79: Firma (název) zpracovatele: | D79: Použijte údaje z obchodního nebo jiného rejstříku.
B80: C58 | C80: se sídlem: | D80: Použijte údaje z obchodního nebo jiného rejstříku.
B81: C59 | C81: IČ: | D81: Použijte údaje z obchodního nebo jiného rejstříku.
B82: C60 | C82: odpovědná osoba: | D82: Uveďte osobu odpovědnou za zpracování osobních údajů (např. dle smlouvy o zpracování osobních údajů).
B83: C61 | C83: e-mail: | D83: Uveďte e-mail odpovědné osoby.
B84: C62 | C84: telefon: | D84: Uveďte telefonní číslo odpovědné osoby.
B85: C63 | C85: Smlouva o zpracování OÚ: | D85: Použijte jednu z nabízených možností.
B86: C64 | C86: Právní předpis: | D86: Uveďte ustanovení příslušného právního předpisu.
C88: ZPRACOVATEL 4
B89: C67 | C89: Firma (název) zpracovatele: | D89: Použijte údaje z obchodního nebo jiného rejstříku.
B90: C68 | C90: se sídlem: | D90: Použijte údaje z obchodního nebo jiného rejstříku.
B91: C69 | C91: IČ: | D91: Použijte údaje z obchodního nebo jiného rejstříku.
B92: C70 | C92: odpovědná osoba: | D92: Uveďte osobu odpovědnou za zpracování osobních údajů (např. dle smlouvy o zpracování osobních údajů).
B93: C71 | C93: e-mail: | D93: Uveďte e-mail odpovědné osoby.
B94: C72 | C94: telefon: | D94: Uveďte telefonní číslo odpovědné osoby.
B95: C73 | C95: Smlouva o zpracování OÚ: | D95: Použijte jednu z nabízených možností.
B96: C74 | C96: Právní předpis: | D96: Uveďte ustanovení příslušného právního předpisu.
C98: ZPRACOVATEL 5
B99: C77 | C99: Firma (název) zpracovatele: | D99: Použijte údaje z obchodního nebo jiného rejstříku.
B100: C78 | C100: se sídlem: | D100: Použijte údaje z obchodního nebo jiného rejstříku.
B101: C79 | C101: IČ: | D101: Použijte údaje z obchodního nebo jiného rejstříku.
B102: C80 | C102: odpovědná osoba: | D102: Uveďte osobu odpovědnou za zpracování osobních údajů (např. dle smlouvy o zpracování osobních údajů).
B103: C81 | C103: e-mail: | D103: Uveďte e-mail odpovědné osoby.
B104: C82 | C104: telefon: | D104: Uveďte telefonní číslo odpovědné osoby.
B105: C83 | C105: Smlouva o zpracování OÚ: | D105: Použijte jednu z nabízených možností.
B106: C84 | C106: Právní předpis: | D106: Uveďte ustanovení příslušného právního předpisu.

Sheet Úvod
C3: Identifikace zpracování osobních údajů
B5: správce: | C5: xxx
C6: se sídlem: | D6: adresa
C7: IČ:
C8: jednající: | D8: jméno a příjmení
C9: odpovědná osoba pro oblast ochrany osobních údajů:
D10: titul, jméno a příjmení
C11: e-mail
C12: telefon
C13: jmenovaný pověřenec pro ochranu osobních údajů:
D14: titul, jméno a příjmení
C15: e-mail
C16: telefon

Sheet Vzor 1
B2: Název zpracování: | C2: Záznamy ze CCTV
B3: Číslo zpracování: | C3: A001
B4: Organizační jednotka: | C4: IT oddělení
B5: Číslo organizační jednotky:
B6: Odpovědná osoba: | C6: Ing. Miroslav Švanda
B7: - e-mail: | C7: m.svanda@zk.cz
B8: - telefon: | C8: +420 720 258 698
B9: Oprávnění zaměstnanci: | C9: vedoucí IT oddělení, security manager
B10: Příjemci OÚ: | C10: komerční pojišťovny
B12: Počet subjektů údajů: | C12: 1000
B13: Další místa zpracování: | C13: nejsou
B14: Zdroj OÚ: | C14: kamerový systém
B15: Způsob zpracování: | C15: automatizované
B16: Přeshraniční zpracování: | C16: NE
B17: Druh OÚ: | C17: audiovizuální záznam osob
B18: - zákonnost zpracování: | C18: f
B19: Zvláštní kategorie OÚ: | C19: NE
B20: =IF(C19="ANO"," - jejich druh:","")
B21: =IF(C19="ANO"," - zákonnost zpracování:","")
B22: OÚ o trestních věcech: | C22: NE
B23: Účel zpracování: | C23: ochrana života a zdraví osob, ochrana majetku správce a osob vstupujících do monitorovaného prostoru, ochrana informací
B24: Kategorie subjektů údajů: | C24: osoby vstupující do monitorovaného prostoru
B25: Předávání do zahraničí: | C25: NE
B26: Doba uložení OÚ: | C26: 30 dní
B27: - důvod: | C27: Dokumentování příp. protiprávních jednání, vč. latentní kriminality, s ohledem na možnost včas pořídit kopii záznamu pro předání příslušným orgánům jako důkaz pro příslušné řízení. Kratší doba je vyloučena s ohledem na bezpečnostní situaci v lokalitě, kde je CCTV umístěno a s ohledem na časté požadavky Policie ČR o předání záznamů ze CCTV starších 3 týdnů.
B28: Místa uložení osobních údajů: | C28: Kopie záznamů v trezoru kanceláře č. 209 (vedoucího IT).
B29: Profilování: | C29: NE
B30: Posouzení vlivu: | C30: NE
B31: - provedení:
B32: Společný správce: | C32: NE
B34: Zpracovatel: | C34: ANO
B35: =IF(C34="ANO","Počet zpracovatelů:"," ") -> Počet zpracovatelů: | C35: 1
C36: 3
B37: =IF(C35>0,"ZPRACOVATEL 1"," ") -> ZPRACOVATEL 1
B38: =IF(C35>0,"Firma (název) zpracovatele:"," ") -> Firma (název) zpracovatele: | C38: První hlídací s.r.o.
B39: =IF(C35>0,"se sídlem:"," ") -> se sídlem: | C39: Modřanská 354/18, 100 00 Praha 10
B40: =IF(C35>0,"IČ:"," ") -> IČ: | C40: 25469874
B41: =IF(C35>0,"odpovědná osoba:"," ") -> odpovědná osoba: | C41: Mgr. Jaroslav Obezřetný
B42: =IF(C35>0,"e-mail:"," ") -> e-mail: | C42: jobezretny@prvnihlidaci.com
B43: =IF(C35>0,"telefon:"," ") -> telefon: | C43: +420 603 258 699
B44: =IF(C35>0,"Smlouva o zpracování OÚ:"," ") -> Smlouva o zpracování OÚ: | C44: UZAVŘENA podle § 6 ZOOÚ
B45: =IF(AND(C35>0,C44=Data!C5),"Právní předpis:"," ") | C45: =IF(B45=" "," ","")
C46: 3
B47: =IF(C35>1,"ZPRACOVATEL 2"," ")
B48: =IF(C35>1,"Firma (název) zpracovatele:"," ") | C48: =IF(B48=" "," ","")
B49: =IF(C35>1,"se sídlem:"," ") | C49: =IF(B49=" "," ","")
B50: =IF(C35>1,"IČ:"," ") | C50: =IF(B50=" "," ","")
B51: =IF(C35>1,"odpovědná osoba:"," ") | C51: =IF(B51=" "," ","")
B52: =IF(C35>1,"e-mail:"," ") | C52: =IF(B52=" "," ","")
B53: =IF(C35>1,"telefon:"," ") | C53: =IF(B53=" "," ","")
B54: =IF(C35>1,"Smlouva o zpracování OÚ:"," ")
B55: =IF(AND(C35>1,C54=Data!C5),"Právní předpis:"," ") | C55: =IF(B55=" "," ","")
C56: 3
B57: =IF(C35>2,"ZPRACOVATEL 3"," ")
B58: =IF(C35>2,"Firma (název) zpracovatele:"," ") | C58: =IF(B58=" "," ","")
B59: =IF(C35>2,"se sídlem:"," ") | C59: =IF(B59=" "," ","")
B60: =IF(C35>2,"IČ:"," ") | C60: =IF(B60=" "," ","")
B61: =IF(C35>2,"odpovědná osoba:"," ") | C61: =IF(B61=" "," ","")
B62: =IF(C35>2,"e-mail:"," ") | C62: =IF(B62=" "," ","")
B63: =IF(C35>2,"telefon:"," ") | C63: =IF(B63=" "," ","")
B64: =IF(C35>2,"Smlouva o zpracování OÚ:"," ")
B65: =IF(AND(C35>2,C64=Data!C5),"Právní předpis:"," ") | C65: =IF(B65=" "," ","")
C66: 3
B67: =IF(C35>3,"ZPRACOVATEL 4"," ")
B68: =IF(C35>3,"Firma (název) zpracovatele:"," ") | C68: =IF(B68=" "," ","")
B69: =IF(C35>3,"se sídlem:"," ") | C69: =IF(B69=" "," ","")
B70: =IF(C35>3,"IČ:"," ") | C70: =IF(B70=" "," ","")
B71: =IF(C35>3,"odpovědná osoba:"," ") | C71: =IF(B71=" "," ","")
B72: =IF(C35>3,"e-mail:"," ") | C72: =IF(B72=" "," ","")
B73: =IF(C35>3,"telefon:"," ") | C73: =IF(B73=" "," ","")
B74: =IF(C35>3,"Smlouva o zpracování OÚ:"," ")
B75: =IF(AND(C35>3,C74=Data!C35),"Právní předpis:"," ") | C75: =IF(B75=" "," ","")
C76: 3
B77: =IF(C35>4,"ZPRACOVATEL 5"," ")
B78: =IF(C35>4,"Firma (název) zpracovatele:"," ") | C78: =IF(B78=" "," ","")
B79: =IF(C35>4,"se sídlem:"," ") | C79: =IF(B79=" "," ","")
B80: =IF(C35>4,"IČ:"," ") | C80: =IF(B80=" "," ","")
B81: =IF(C35>4,"odpovědná osoba:"," ") | C81: =IF(B81=" "," ","")
B82: =IF(C35>4,"e-mail:"," ") | C82: =IF(B82=" "," ","")
B83: =IF(C35>4,"telefon:"," ") | C83: =IF(B83=" "," ","")
B84: =IF(C35>4,"Smlouva o zpracování OÚ:"," ")
B85: =IF(AND(C35>4,C84=Data!C45),"Právní předpis:"," ") | C85: =IF(B85=" "," ","")

Sheet Vzor 2
B2: Název zpracování: | C2: Personální evidence
B3: Číslo zpracování: | C3: P001
B4: Organizační jednotka: | C4: personální oddělení
B5: Číslo organizační jednotky:
B6: Odpovědná osoba: | C6: Ing. Marie Pracovitá
B7: - e-mail: | C7: m.pracovita@zk.cz
B8: - telefon: | C8: +420 720 147 147
B9: Oprávnění zaměstnanci: | C9: vedení společnosti, personální ředitel, zaměstnanci personálního oddělení, vedoucí zaměstnanci
B10: Příjemci OÚ: | C10: zdravotní pojišťovny, ČSSZ, úřad práce, …..
B12: Počet subjektů údajů: | C12: 4000
B13: Další místa zpracování: | C13: nejsou
B14: Zdroj OÚ: | C14: od subjektu údajů
B15: Způsob zpracování: | C15: automatizované + neautomatizované (v listinné podobě)
B16: Přeshraniční zpracování: | C16: NE
B17: Druh OÚ: | C17: titul, jméno, příjmení, datum narození, rodné číslo, trvalé bydliště, doručovací adresa, ……………………., fotografie zaměstnance
B18: - zákonnost zpracování: | C18: a - fotografie zaměstnance, c - dle pracovněprávních předpisů, f - fotografie zaměstnance
B19: Zvláštní kategorie OÚ: | C19: NE
B20: =IF(C19="ANO"," - jejich druh:","")
B21: =IF(C19="ANO"," - zákonnost zpracování:","")
B22: OÚ o trestních věcech: | C22: NE
B23: Účel zpracování: | C23: Plnění povinností podle pracovněprávních předpisů. Fotografie zaměstnance pro její zveřejnění na webových stránkách společnosti a pro vystavení přístupových karet zaměstnanců.
B24: Kategorie subjektů údajů: | C24: zaměstnanci
B25: Předávání do zahraničí: | C25: NE
B26: Doba uložení OÚ: | C26: Podle požadavků příslušných právních předpisů, fotografie xx dnů od data ukončení pracovního nebo obdobného poměru.
B27: - důvod: | C27: Plnění zákonných povinností a vnitřních předpisů (režimová opatření ke vstupu zaměstnanců do areálu společnosti a pohyb v něm), propagace společnosti po dobu trvání pracovního poměru zaměstnance.
B28: Místa uložení osobních údajů: | C28: Archiv (dv. č. 350), kanceláře personálního oddělení (dv. č. 222 - 225).
B29: Profilování: | C29: NE
B30: Posouzení vlivu: | C30: NEVÍM
B31: - provedení: | C31: NEVÍM
B32: Společný správce: | C32: NE
B34: Zpracovatel: | C34: NE
B35: =IF(C34="ANO","Počet zpracovatelů:"," ")
C36: 3
B37: =IF(C35>0,"ZPRACOVATEL 1"," ")
B38: =IF(C35>0,"Firma (název) zpracovatele:"," ") | C38: =IF(B38=" "," ","")
B39: =IF(C35>0,"se sídlem:"," ") | C39: =IF(B39=" "," ","")
B40: =IF(C35>0,"IČ:"," ") | C40: =IF(B40=" "," ","")
B41: =IF(C35>0,"odpovědná osoba:"," ") | C41: =IF(B41=" "," ","")
B42: =IF(C35>0,"e-mail:"," ") | C42: =IF(B42=" "," ","")
B43: =IF(C35>0,"telefon:"," ") | C43: =IF(B43=" "," ","")
B44: =IF(C35>0,"Smlouva o zpracování OÚ:"," ")
B45: =IF(AND(C35>0,C44=Data!C5),"Právní předpis:"," ") | C45: =IF(B45=" "," ","")
C46: 3
B47: =IF(C35>1,"ZPRACOVATEL 2"," ")
B48: =IF(C35>1,"Firma (název) zpracovatele:"," ") | C48: =IF(B48=" "," ","")
B49: =IF(C35>1,"se sídlem:"," ") | C49: =IF(B49=" "," ","")
B50: =IF(C35>1,"IČ:"," ") | C50: =IF(B50=" "," ","")
B51: =IF(C35>1,"odpovědná osoba:"," ") | C51: =IF(B51=" "," ","")
B52: =IF(C35>1,"e-mail:"," ") | C52: =IF(B52=" "," ","")
B53: =IF(C35>1,"telefon:"," ") | C53: =IF(B53=" "," ","")
B54: =IF(C35>1,"Smlouva o zpracování OÚ:"," ")
B55: =IF(AND(C35>1,C54=Data!C5),"Právní předpis:"," ") | C55: =IF(B55=" "," ","")
C56: 3
B57: =IF(C35>2,"ZPRACOVATEL 3"," ")
B58: =IF(C35>2,"Firma (název) zpracovatele:"," ") | C58: =IF(B58=" "," ","")
B59: =IF(C35>2,"se sídlem:"," ") | C59: =IF(B59=" "," ","")
B60: =IF(C35>2,"IČ:"," ") | C60: =IF(B60=" "," ","")
B61: =IF(C35>2,"odpovědná osoba:"," ") | C61: =IF(B61=" "," ","")
B62: =IF(C35>2,"e-mail:"," ") | C62: =IF(B62=" "," ","")
B63: =IF(C35>2,"telefon:"," ") | C63: =IF(B63=" "," ","")
B64: =IF(C35>2,"Smlouva o zpracování OÚ:"," ")
B65: =IF(AND(C35>2,C64=Data!C5),"Právní předpis:"," ") | C65: =IF(B65=" "," ","")
C66: 3
B67: =IF(C35>3,"ZPRACOVATEL 4"," ")
B68: =IF(C35>3,"Firma (název) zpracovatele:"," ") | C68: =IF(B68=" "," ","")
B69: =IF(C35>3,"se sídlem:"," ") | C69: =IF(B69=" "," ","")
B70: =IF(C35>3,"IČ:"," ") | C70: =IF(B70=" "," ","")
B71: =IF(C35>3,"odpovědná osoba:"," ") | C71: =IF(B71=" "," ","")
B72: =IF(C35>3,"e-mail:"," ") | C72: =IF(B72=" "," ","")
B73: =IF(C35>3,"telefon:"," ") | C73: =IF(B73=" "," ","")
B74: =IF(C35>3,"Smlouva o zpracování OÚ:"," ")
B75: =IF(AND(C35>3,C74=Data!C35),"Právní předpis:"," ") | C75: =IF(B75=" "," ","")
C76: 3
B77: =IF(C35>4,"ZPRACOVATEL 5"," ")
B78: =IF(C35>4,"Firma (název) zpracovatele:"," ") | C78: =IF(B78=" "," ","")
B79: =IF(C35>4,"se sídlem:"," ") | C79: =IF(B79=" "," ","")
B80: =IF(C35>4,"IČ:"," ") | C80: =IF(B80=" "," ","")
B81: =IF(C35>4,"odpovědná osoba:"," ") | C81: =IF(B81=" "," ","")
B82: =IF(C35>4,"e-mail:"," ") | C82: =IF(B82=" "," ","")
B83: =IF(C35>4,"telefon:"," ") | C83: =IF(B83=" "," ","")
B84: =IF(C35>4,"Smlouva o zpracování OÚ:"," ")
B85: =IF(AND(C35>4,C84=Data!C45),"Právní předpis:"," ") | C85: =IF(B85=" "," ","")

Sheet FORMULÁŘ (2)
B2: Název zpracování: | C2: Záznamy ze CCTV
B3: Číslo zpracování: | C3: IT 1
B4: Organizační jednotka: | C4: IT oddělení
B5: Číslo organizační jednotky: | C5: 9
B6: Odpovědná osoba:
B7: - e-mail:
B8: - telefon:
B9: Oprávnění zaměstnanci: | C9: IT oddělení
B10: Příjemci OÚ: | C10: NE
B12: Počet subjektů údajů: | C12: 230
B13: Další místa zpracování:
B14: Zdroj OÚ: | C14: Kamerový systém
B15: Způsob zpracování: | C15: automatizované
B16: Přeshraniční zpracování: | C16: NE
B17: Druh OÚ: | C17: vizuální záznam osob
B18: - zákonnost zpracování: | C18: 1f
B19: Zvláštní kategorie OÚ: | C19: NE
B20: =IF(C19="ANO"," - jejich druh:","")
B21: =IF(C19="ANO"," - zákonnost zpracování:","")
B22: OÚ o trestních věcech: | C22: NE
B23: Účel zpracování: | C23: ochrana osob a majetku ve firemním areálu
B24: Kategorie subjektů údajů: | C24: Zaměstnanci, zákazníci, návštěvníci
B25: Předávání do zahraničí: | C25: NE
B26: Doba uložení OÚ: | C26: 20 dní
B27: - důvod: | C27: Dokumentování případných protiprávních jednání. Ochrana zaměstnanců a majetku.
B28: Místa uložení osobních údajů:
B29: Profilování: | C29: NE
B30: Posouzení vlivu: | C30: NE
B31: - provedení: | C31: NE
B32: Společný správce: | C32: NE
B34: Zpracovatel: | C34: NE
B35: =IF(C34="ANO","Počet zpracovatelů:"," ")
C36: 3
B37: =IF(C35>0,"ZPRACOVATEL 1"," ")
B38: =IF(C35>0,"Firma (název) zpracovatele:"," ") | C38: =IF(B38=" "," ","")
B39: =IF(C35>0,"se sídlem:"," ") | C39: =IF(B39=" "," ","")
B40: =IF(C35>0,"IČ:"," ") | C40: =IF(B40=" "," ","")
B41: =IF(C35>0,"odpovědná osoba:"," ") | C41: =IF(B41=" "," ","")
B42: =IF(C35>0,"e-mail:"," ") | C42: =IF(B42=" "," ","")
B43: =IF(C35>0,"telefon:"," ") | C43: =IF(B43=" "," ","")
B44: =IF(C35>0,"Smlouva o zpracování OÚ:"," ")
B45: =IF(AND(C35>0,C44=Data!C5),"Právní předpis:"," ") | C45: =IF(B45=" "," ","")
C46: 3
B47: =IF(C35>1,"ZPRACOVATEL 2"," ")
B48: =IF(C35>1,"Firma (název) zpracovatele:"," ") | C48: =IF(B48=" "," ","")
B49: =IF(C35>1,"se sídlem:"," ") | C49: =IF(B49=" "," ","")
B50: =IF(C35>1,"IČ:"," ") | C50: =IF(B50=" "," ","")
B51: =IF(C35>1,"odpovědná osoba:"," ") | C51: =IF(B51=" "," ","")
B52: =IF(C35>1,"e-mail:"," ") | C52: =IF(B52=" "," ","")
B53: =IF(C35>1,"telefon:"," ") | C53: =IF(B53=" "," ","")
B54: =IF(C35>1,"Smlouva o zpracování OÚ:"," ")
B55: =IF(AND(C35>1,C54=Data!C5),"Právní předpis:"," ") | C55: =IF(B55=" "," ","")
C56: 3
B57: =IF(C35>2,"ZPRACOVATEL 3"," ")
B58: =IF(C35>2,"Firma (název) zpracovatele:"," ") | C58: =IF(B58=" "," ","")
B59: =IF(C35>2,"se sídlem:"," ") | C59: =IF(B59=" "," ","")
B60: =IF(C35>2,"IČ:"," ") | C60: =IF(B60=" "," ","")
B61: =IF(C35>2,"odpovědná osoba:"," ") | C61: =IF(B61=" "," ","")
B62: =IF(C35>2,"e-mail:"," ") | C62: =IF(B62=" "," ","")
B63: =IF(C35>2,"telefon:"," ") | C63: =IF(B63=" "," ","")
B64: =IF(C35>2,"Smlouva o zpracování OÚ:"," ")
B65: =IF(AND(C35>2,C64=Data!C5),"Právní předpis:"," ") | C65: =IF(B65=" "," ","")
C66: 3
B67: =IF(C35>3,"ZPRACOVATEL 4"," ")
B68: =IF(C35>3,"Firma (název) zpracovatele:"," ") | C68: =IF(B68=" "," ","")
B69: =IF(C35>3,"se sídlem:"," ") | C69: =IF(B69=" "," ","")
B70: =IF(C35>3,"IČ:"," ") | C70: =IF(B70=" "," ","")
B71: =IF(C35>3,"odpovědná osoba:"," ") | C71: =IF(B71=" "," ","")
B72: =IF(C35>3,"e-mail:"," ") | C72: =IF(B72=" "," ","")
B73: =IF(C35>3,"telefon:"," ") | C73: =IF(B73=" "," ","")
B74: =IF(C35>3,"Smlouva o zpracování OÚ:"," ")
B75: =IF(AND(C35>3,C74=Data!C35),"Právní předpis:"," ") | C75: =IF(B75=" "," ","")
C76: 3
B77: =IF(C35>4,"ZPRACOVATEL 5"," ")
B78: =IF(C35>4,"Firma (název) zpracovatele:"," ") | C78: =IF(B78=" "," ","")
B79: =IF(C35>4,"se sídlem:"," ") | C79: =IF(B79=" "," ","")
B80: =IF(C35>4,"IČ:"," ") | C80: =IF(B80=" "," ","")
B81: =IF(C35>4,"odpovědná osoba:"," ") | C81: =IF(B81=" "," ","")
B82: =IF(C35>4,"e-mail:"," ") | C82: =IF(B82=" "," ","")
B83: =IF(C35>4,"telefon:"," ") | C83: =IF(B83=" "," ","")
B84: =IF(C35>4,"Smlouva o zpracování OÚ:"," ")
B85: =IF(AND(C35>4,C84=Data!C45),"Právní předpis:"," ") | C85: =IF(B85=" "," ","")

Sheet FORMULÁŘ
B2: Název zpracování: | C2: Zálohy serverů a databází
B3: Číslo zpracování: | C3: IT 2
B4: Organizační jednotka: | C4: IT oddělení
B5: Číslo organizační jednotky:
B6: Odpovědná osoba:
B7: - e-mail:
B8: - telefon:
B9: Oprávnění zaměstnanci: | C9: IT oddělení
B10: Příjemci OÚ: | C10: NE
B12: Počet subjektů údajů: | C12: 50000
B13: Další místa zpracování:
B14: Zdroj OÚ: | C14: od subjektu údajů
B15: Způsob zpracování: | C15: Automatizované
B16: Přeshraniční zpracování: | C16: NE
B17: Druh OÚ: | C17: ?
B18: - zákonnost zpracování: | C18: 1f
B19: Zvláštní kategorie OÚ: | C19: NE
B20: =IF(C19="ANO"," - jejich druh:","")
B21: =IF(C19="ANO"," - zákonnost zpracování:","")
B22: OÚ o trestních věcech: | C22: NE
B23: Účel zpracování: | C23: Ochrana dat, prevence proti ztrátě
B24: Kategorie subjektů údajů: | C24: od subjektu údajů
B25: Předávání do zahraničí: | C25: NE
B26: Doba uložení OÚ: | C26: 1 měsíc?
B27: - důvod: | C27: zálohování dat
B28: Místa uložení osobních údajů:
B29: Profilování: | C29: NE
B30: Posouzení vlivu: | C30: NE
B31: - provedení:
B32: Společný správce: | C32: NE
B34: Zpracovatel: | C34: ANO
B35: =IF(C34="ANO","Počet zpracovatelů:"," ") -> Počet zpracovatelů: | C35: 1
C36: 3
B37: =IF(C35>0,"ZPRACOVATEL 1"," ") -> ZPRACOVATEL 1
B38: =IF(C35>0,"Firma (název) zpracovatele:"," ") -> Firma (název) zpracovatele:
B39: =IF(C35>0,"se sídlem:"," ") -> se sídlem:
B40: =IF(C35>0,"IČ:"," ") -> IČ:
B41: =IF(C35>0,"odpovědná osoba:"," ") -> odpovědná osoba:
B42: =IF(C35>0,"e-mail:"," ") -> e-mail: | C42: =IF(B42=" "," ","")
B43: =IF(C35>0,"telefon:"," ") -> telefon: | C43: =IF(B43=" "," ","")
B44: =IF(C35>0,"Smlouva o zpracování OÚ:"," ") -> Smlouva o zpracování OÚ:
B45: =IF(AND(C35>0,C44=Data!C5),"Právní předpis:"," ") | C45: =IF(B45=" "," ","")
C46: 3
B47: =IF(C35>1,"ZPRACOVATEL 2"," ")
B48: =IF(C35>1,"Firma (název) zpracovatele:"," ") | C48: =IF(B48=" "," ","")
B49: =IF(C35>1,"se sídlem:"," ") | C49: =IF(B49=" "," ","")
B50: =IF(C35>1,"IČ:"," ") | C50: =IF(B50=" "," ","")
B51: =IF(C35>1,"odpovědná osoba:"," ") | C51: =IF(B51=" "," ","")
B52: =IF(C35>1,"e-mail:"," ") | C52: =IF(B52=" "," ","")
B53: =IF(C35>1,"telefon:"," ") | C53: =IF(B53=" "," ","")
B54: =IF(C35>1,"Smlouva o zpracování OÚ:"," ")
B55: =IF(AND(C35>1,C54=Data!C5),"Právní předpis:"," ") | C55: =IF(B55=" "," ","")
C56: 3
B57: =IF(C35>2,"ZPRACOVATEL 3"," ")
B58: =IF(C35>2,"Firma (název) zpracovatele:"," ") | C58: =IF(B58=" "," ","")
B59: =IF(C35>2,"se sídlem:"," ") | C59: =IF(B59=" "," ","")
B60: =IF(C35>2,"IČ:"," ") | C60: =IF(B60=" "," ","")
B61: =IF(C35>2,"odpovědná osoba:"," ") | C61: =IF(B61=" "," ","")
B62: =IF(C35>2,"e-mail:"," ") | C62: =IF(B62=" "," ","")
B63: =IF(C35>2,"telefon:"," ") | C63: =IF(B63=" "," ","")
B64: =IF(C35>2,"Smlouva o zpracování OÚ:"," ")
B65: =IF(AND(C35>2,C64=Data!C5),"Právní předpis:"," ") | C65: =IF(B65=" "," ","")
C66: 3
B67: =IF(C35>3,"ZPRACOVATEL 4"," ")
B68: =IF(C35>3,"Firma (název) zpracovatele:"," ") | C68: =IF(B68=" "," ","")
B69: =IF(C35>3,"se sídlem:"," ") | C69: =IF(B69=" "," ","")
B70: =IF(C35>3,"IČ:"," ") | C70: =IF(B70=" "," ","")
B71: =IF(C35>3,"odpovědná osoba:"," ") | C71: =IF(B71=" "," ","")
B72: =IF(C35>3,"e-mail:"," ") | C72: =IF(B72=" "," ","")
B73: =IF(C35>3,"telefon:"," ") | C73: =IF(B73=" "," ","")
B74: =IF(C35>3,"Smlouva o zpracování OÚ:"," ")
B75: =IF(AND(C35>3,C74=Data!C35),"Právní předpis:"," ") | C75: =IF(B75=" "," ","")
C76: 3
B77: =IF(C35>4,"ZPRACOVATEL 5"," ")
B78: =IF(C35>4,"Firma (název) zpracovatele:"," ") | C78: =IF(B78=" "," ","")
B79: =IF(C35>4,"se sídlem:"," ") | C79: =IF(B79=" "," ","")
B80: =IF(C35>4,"IČ:"," ") | C80: =IF(B80=" "," ","")
B81: =IF(C35>4,"odpovědná osoba:"," ") | C81: =IF(B81=" "," ","")
B82: =IF(C35>4,"e-mail:"," ") | C82: =IF(B82=" "," ","")
B83: =IF(C35>4,"telefon:"," ") | C83: =IF(B83=" "," ","")
B84: =IF(C35>4,"Smlouva o zpracování OÚ:"," ")
B85: =IF(AND(C35>4,C84=Data!C45),"Právní předpis:"," ") | C85: =IF(B85=" "," ","")

Sheet Data
A1: správce: | B1: ANO | C1: NENÍ PÍSEMNĚ UZAVŘENA | E1: automatizované | F1: od subjektu údajů | G1: NE | H1: NE
A2: zpracovatele: | B2: NE | C2: UZAVŘENA podle § 6 ZOOÚ | D2: 1 | E2: neautomatizované (v listinné podobě) | F2: veřejně dostupné zdroje | G2: ANO - EU | H2: ANO - podle písm. a)
B3: NEVÍM | C3: UZAVŘENA podle § 6 ZOOÚ a revidována podle čl. 28 odst. 3 GDPR | D3: 2 | E3: automatizované + neautomatizované (v listinné podobě) | F3: jiné zdroje | G3: ANO - EU i třetí země nebo mezinárodní organizace | H3: ANO - podle písm. b)
C4: UZAVŘENA podle čl. 28 odst. 3 GDPR | D4: 3 | G4: ANO - třetí země nebo mezinárodní organizace | H4: ANO - podle písm. a) a b)
C5: ZMOCNĚNÍ VYPLÝVÁ Z PRÁVNÍHO PŘEDPISU | D5: 4 | H5: NEVÍM
C6: NEVÍM | D6: 5
D7: .
